{"cameraMode":{"drawMode":0,"name":"Shaded","section":"Shading Mode"},"sceneLighting":false,"audioPlay":false,"sceneViewState":{"m_AlwaysRefresh":false,"showFog":true,"showSkybox":false,"showFlares":true,"showImageEffects":true,"showParticleSystems":true,"showVisualEffectGraphs":true,"m_FxEnabled":true},"in2DMode":false,"pivot":{"x":0.005109906196594238,"y":0.7518847584724426,"z":-0.0026932358741760256},"rotation":{"x":-0.3156128525733948,"y":0.18725468218326569,"z":-0.06368136405944824,"w":-0.9280546307563782},"size":2.3304693698883058,"orthographic":false}