{"cameraMode":{"drawMode":0,"name":"Shaded","section":"Shading Mode"},"sceneLighting":false,"audioPlay":false,"sceneViewState":{"m_AlwaysRefresh":false,"showFog":true,"showSkybox":false,"showFlares":true,"showImageEffects":true,"showParticleSystems":true,"showVisualEffectGraphs":true,"m_FxEnabled":true},"in2DMode":false,"pivot":{"x":0.04213857650756836,"y":2.4678244590759279,"z":6.378943920135498},"rotation":{"x":-0.18754106760025025,"y":0.7083479762077332,"z":-0.20469419658184052,"w":-0.6489937901496887},"size":5.916715145111084,"orthographic":false}