{"cameraMode":{"drawMode":0,"name":"Shaded","section":"Shading Mode"},"sceneLighting":false,"audioPlay":false,"sceneViewState":{"m_AlwaysRefresh":false,"showFog":true,"showSkybox":false,"showFlares":true,"showImageEffects":true,"showParticleSystems":true,"showVisualEffectGraphs":true,"m_FxEnabled":true},"in2DMode":false,"pivot":{"x":0.03932380676269531,"y":2.104863166809082,"z":53.98396682739258},"rotation":{"x":-0.18754106760025025,"y":0.7083479762077332,"z":-0.20469419658184052,"w":-0.6489937901496887},"size":25.935688018798829,"orthographic":false}