{"cameraMode":{"drawMode":0,"name":"Shaded","section":"Shading Mode"},"sceneLighting":true,"audioPlay":false,"sceneViewState":{"m_AlwaysRefresh":false,"showFog":true,"showSkybox":true,"showFlares":true,"showImageEffects":true,"showParticleSystems":true,"showVisualEffectGraphs":true,"m_FxEnabled":true},"in2DMode":false,"pivot":{"x":-0.31750422716140749,"y":0.022445350885391237,"z":-0.4781225621700287},"rotation":{"x":0.10921607166528702,"y":-0.7826852798461914,"z":0.14348290860652924,"w":0.5957471132278442},"size":1.317391276359558,"orthographic":false}