{"cameraMode":{"drawMode":0,"name":"Shaded","section":"Shading Mode"},"sceneLighting":true,"audioPlay":false,"sceneViewState":{"m_AlwaysRefresh":false,"showFog":true,"showSkybox":true,"showFlares":true,"showImageEffects":true,"showParticleSystems":true,"showVisualEffectGraphs":true,"m_FxEnabled":true},"in2DMode":false,"pivot":{"x":-9.824605941772461,"y":-3.293807029724121,"z":19.232330322265626},"rotation":{"x":0.12506774067878724,"y":-0.22627776861190797,"z":0.029307477176189424,"w":0.965572714805603},"size":27.934038162231447,"orthographic":false}