{"cameraMode":{"drawMode":0,"name":"Shaded","section":"Shading Mode"},"sceneLighting":true,"audioPlay":false,"sceneViewState":{"m_AlwaysRefresh":false,"showFog":true,"showSkybox":true,"showFlares":true,"showImageEffects":true,"showParticleSystems":true,"showVisualEffectGraphs":true,"m_FxEnabled":true},"in2DMode":false,"pivot":{"x":10.663568496704102,"y":13.008403778076172,"z":42.468231201171878},"rotation":{"x":0.16542257368564607,"y":-0.2591675817966461,"z":0.04510187730193138,"w":0.9505056738853455},"size":44.220726013183597,"orthographic":false}