{"cameraMode":{"drawMode":0,"name":"Shaded","section":"Shading Mode"},"sceneLighting":true,"audioPlay":false,"sceneViewState":{"m_AlwaysRefresh":false,"showFog":true,"showSkybox":true,"showFlares":true,"showImageEffects":true,"showParticleSystems":true,"showVisualEffectGraphs":true,"m_FxEnabled":true},"in2DMode":false,"pivot":{"x":-0.7742782831192017,"y":0.9691809415817261,"z":0.44384098052978518},"rotation":{"x":0.05405865237116814,"y":-0.5072940587997437,"z":0.03190198168158531,"w":0.8595104813575745},"size":2.0886058807373049,"orthographic":false}