{"cameraMode":{"drawMode":0,"name":"Shaded","section":"Shading Mode"},"sceneLighting":false,"audioPlay":false,"sceneViewState":{"m_AlwaysRefresh":false,"showFog":true,"showSkybox":false,"showFlares":true,"showImageEffects":true,"showParticleSystems":true,"showVisualEffectGraphs":true,"m_FxEnabled":true},"in2DMode":false,"pivot":{"x":6.099728107452393,"y":-0.42328453063964846,"z":30.477529525756837},"rotation":{"x":-0.31200987100601199,"y":0.005318567156791687,"z":-0.0017463996773585678,"w":-0.9500712156295776},"size":20.376619338989259,"orthographic":false}