{"cameraMode":{"drawMode":0,"name":"Shaded","section":"Shading Mode"},"sceneLighting":false,"audioPlay":false,"sceneViewState":{"m_AlwaysRefresh":false,"showFog":true,"showSkybox":false,"showFlares":true,"showImageEffects":true,"showParticleSystems":true,"showVisualEffectGraphs":true,"m_FxEnabled":true},"in2DMode":false,"pivot":{"x":-0.6254880428314209,"y":1.6061680316925049,"z":1.7226018905639649},"rotation":{"x":0.055284589529037479,"y":-0.47751012444496157,"z":0.03012259490787983,"w":0.8763700127601624},"size":8.66268539428711,"orthographic":true}