{"cameraMode":{"drawMode":0,"name":"Shaded","section":"Shading Mode"},"sceneLighting":false,"audioPlay":false,"sceneViewState":{"m_AlwaysRefresh":false,"showFog":true,"showSkybox":false,"showFlares":true,"showImageEffects":true,"showParticleSystems":true,"showVisualEffectGraphs":true,"m_FxEnabled":true},"in2DMode":false,"pivot":{"x":-0.6254880428314209,"y":1.6061680316925049,"z":1.7226018905639649},"rotation":{"x":0.02771088108420372,"y":0.7436062097549439,"z":-0.030877279117703439,"w":0.6673412322998047},"size":2.6394460201263429,"orthographic":true}