{"cameraMode":{"drawMode":0,"name":"Shaded","section":"Shading Mode"},"sceneLighting":false,"audioPlay":false,"sceneViewState":{"m_AlwaysRefresh":false,"showFog":true,"showSkybox":false,"showFlares":true,"showImageEffects":true,"showParticleSystems":true,"showVisualEffectGraphs":true,"m_FxEnabled":true},"in2DMode":false,"pivot":{"x":-0.6254880428314209,"y":1.6061680316925049,"z":1.7226018905639649},"rotation":{"x":-0.004274920094758272,"y":0.7531802654266357,"z":0.00489626731723547,"w":0.6577945947647095},"size":2.6394460201263429,"orthographic":true}